,Player,Team,Span,Mat,Inns,NO,Runs,HS,Ave,BF,SR,100,50,0,4s,6s
0,Rahmanullah Gurbaz,AFG,2024-2024,8,8,-,281,80,35.12,226,124.33,-,3,2,18,16
1,RG Sharma,IND,2024-2024,8,8,1,257,92,36.71,164,156.70,-,3,-,24,15
2,TM Head,AUS,2024-2024,7,7,1,255,76,42.50,161,158.38,-,2,1,26,15
3,Q de Kock,SA,2024-2024,9,9,-,243,74,27.00,173,140.46,-,2,1,21,13
4,Ibrahim Zadran,AFG,2024-2024,8,8,-,231,70,28.87,215,107.44,-,2,1,25,4
5,N Pooran,WI,2024-2024,7,7,1,228,98,38.00,156,146.15,-,1,-,15,17
6,AGS Gous,USA,2024-2024,6,6,1,219,80*,43.80,145,151.03,-,2,-,20,11
7,JC Buttler,ENG,2024-2024,8,7,2,214,83*,42.80,135,158.51,-,1,1,22,10
8,SA Yadav,IND,2024-2024,8,8,1,199,53,28.42,147,135.37,-,2,-,15,10
9,H Klaasen,SA,2024-2024,9,8,2,190,52,31.66,150,126.66,-,1,-,9,13
10,PD Salt,ENG,2024-2024,8,7,2,188,87*,37.60,118,159.32,-,1,-,16,10
11,DA Warner,AUS,2024-2024,7,7,1,178,56,29.66,128,139.06,-,2,-,17,9
12,RR Pant,IND,2024-2024,8,8,1,171,42,24.42,134,127.61,-,-,1,19,6
13,MP Stoinis,AUS,2024-2024,7,5,1,169,67*,42.25,103,164.07,-,2,-,14,10
14,DA Miller,SA,2024-2024,9,8,2,169,59*,28.16,165,102.42,-,1,1,10,8
15,T Stubbs,SA,2024-2024,9,8,3,165,33,33.00,163,101.22,-,-,1,13,3
16,Aaron Jones,USA,2024-2024,6,6,2,162,94*,40.50,120,135.00,-,1,1,8,14
17,Towhid Hridoy,BAN,2024-2024,7,7,-,153,40,21.85,119,128.57,-,-,-,9,8
18,V Kohli,IND,2024-2024,8,8,-,151,76,18.87,134,112.68,-,1,2,8,7
19,HC Brook,ENG,2024-2024,8,4,2,145,53,72.50,92,157.60,-,1,-,16,2
20,HH Pandya,IND,2024-2024,8,6,3,144,50*,48.00,95,151.57,-,1,-,11,9
21,B McMullen,SCOT,2024-2024,4,3,1,140,61*,70.00,82,170.73,-,2,-,13,8
22,J Charles,WI,2024-2024,6,6,-,140,44,23.33,123,113.82,-,-,2,18,3
23,Litton Das,BAN,2024-2024,7,7,1,139,54*,23.16,149,93.28,-,1,-,12,3
24,S Dube,IND,2024-2024,8,8,2,133,34,22.16,116,114.65,-,-,1,6,7
25,GJ Maxwell,AUS,2024-2024,7,6,1,132,59,26.40,93,141.93,-,1,1,12,7
26,MR Marsh,AUS,2024-2024,7,7,1,125,37,20.83,107,116.82,-,-,-,13,5
27,HG Munsey,SCOT,2024-2024,4,4,1,124,41*,41.33,89,139.32,-,-,-,8,9
28,AK Markram,SA,2024-2024,9,9,1,123,46,15.37,122,100.81,-,-,1,14,2
29,Babar Azam,PAK,2024-2024,4,4,1,122,44,40.66,120,101.66,-,-,-,8,3
30,SE Rutherford,WI,2024-2024,7,6,3,121,68*,40.33,82,147.56,-,1,1,5,9
31,RR Hendricks,SA,2024-2024,9,9,1,113,43,14.12,129,87.59,-,-,2,11,3
32,Najmul Hossain Shanto,BAN,2024-2024,7,7,-,112,41,16.00,117,95.72,-,-,-,7,5
33,Shakib Al Hasan,BAN,2024-2024,7,7,1,111,64*,18.50,104,106.73,-,1,1,12,1
34,Azmatullah Omarzai,AFG,2024-2024,8,8,-,111,26,13.87,102,108.82,-,-,-,7,4
35,Mohammad Rizwan,PAK,2024-2024,4,4,1,110,53*,36.66,121,90.90,-,1,-,5,3
36,JM Bairstow,ENG,2024-2024,8,6,2,110,48*,27.50,82,134.14,-,-,1,11,4
37,SD Hope,WI,2024-2024,3,3,1,107,82*,53.50,57,187.71,-,1,1,4,10
38,RD Berrington,SCOT,2024-2024,4,3,2,102,47*,102.00,73,139.72,-,-,-,4,5
39,MG Erasmus,NAM,2024-2024,4,4,1,102,52,34.00,93,109.67,-,1,-,10,3
40,R Powell,WI,2024-2024,7,6,-,102,36,17.00,71,143.66,-,-,-,4,8
41,NR Kirton,CAN,2024-2024,3,3,-,101,51,33.66,72,140.27,-,1,-,6,4
42,NR Kumar,USA,2024-2024,6,5,1,99,30,24.75,86,115.11,-,-,-,6,4
43,SA Engelbrecht,NED,2024-2024,4,4,-,98,40,24.50,92,106.52,-,-,-,6,3
44,Mahmudullah,BAN,2024-2024,7,7,1,95,25,15.83,101,94.05,-,-,-,8,3
45,RL Chase,WI,2024-2024,6,3,1,94,52,47.00,72,130.55,-,1,1,7,4
46,Ayaan Khan,OMA,2024-2024,4,4,1,93,41*,31.00,95,97.89,-,-,-,6,3
47,AR Patel,IND,2024-2024,8,5,1,92,47,23.00,66,139.39,-,-,-,5,6
48,Gulbadin Naib,AFG,2024-2024,8,8,1,90,49*,12.85,86,104.65,-,-,2,9,3
49,A Johnson,CAN,2024-2024,3,3,-,89,52,29.66,73,121.91,-,1,-,12,4
50,MA Jones,SCOT,2024-2024,4,4,1,89,45*,29.66,66,134.84,-,-,-,8,5
51,BA King,WI,2024-2024,5,5,1,86,34,21.50,68,126.47,-,-,-,13,2
52,MP O'Dowd,NED,2024-2024,4,4,1,79,54*,26.33,78,101.28,-,1,-,7,2
53,AD Russell,WI,2024-2024,7,6,3,78,30*,26.00,47,165.95,-,-,-,8,4
54,Tanzid Hasan,BAN,2024-2024,7,7,-,76,35,10.85,79,96.20,-,-,3,11,1
55,BKG Mendis,SL,2024-2024,3,3,-,75,46,25.00,67,111.94,-,-,-,8,0
56,SR Taylor,USA,2024-2024,6,6,-,74,24,12.33,82,90.24,-,-,1,7,3
57,LS Livingstone,ENG,2024-2024,8,4,-,72,33,18.00,49,146.93,-,-,-,3,5
58,KIC Asalanka,SL,2024-2024,3,3,-,71,46,23.66,51,139.21,-,-,-,1,6
59,NS Dhaliwal,CAN,2024-2024,3,3,-,71,61,23.66,61,116.39,-,1,-,8,3
60,S Movva,CAN,2024-2024,3,3,1,71,37,35.50,61,116.39,-,-,-,5,2
61,K Doriga,PNG,2024-2024,4,4,1,71,27*,23.66,77,92.20,-,-,-,6,1
62,SA Edwards,NED,2024-2024,4,4,-,71,31,17.75,64,110.93,-,-,-,5,2
63,MM Ali,ENG,2024-2024,8,5,-,71,25,14.20,51,139.21,-,-,-,2,5
64,DP Conway,NZ,2024-2024,4,4,1,70,35,23.33,65,107.69,-,-,-,7,3
65,Harmeet Singh,USA,2024-2024,6,4,-,69,38,17.25,50,138.00,-,-,1,4,5
66,S Bau,PNG,2024-2024,4,4,-,67,50,16.75,80,83.75,-,1,1,8,1
67,Vikramjit Singh,NED,2024-2024,4,4,-,67,26,16.75,71,94.36,-,-,-,5,3
68,MD Patel,USA,2024-2024,2,2,-,66,50,33.00,54,122.22,-,1,-,9,1
69,CJ Anderson,USA,2024-2024,6,5,1,66,29,16.50,72,91.66,-,-,-,1,3
70,N Davin,NAM,2024-2024,4,4,-,64,24,16.00,66,96.96,-,-,-,7,2
71,Aasif Sheikh,NEP,2024-2024,3,3,-,63,42,21.00,71,88.73,-,-,-,9,1
72,AD Mathews,SL,2024-2024,3,3,1,62,30*,31.00,50,124.00,-,-,-,2,4
73,TH David,AUS,2024-2024,7,5,1,61,24*,15.25,41,148.78,-,-,-,5,3
74,GJ Delany,IRE,2024-2024,3,3,-,60,31,20.00,40,150.00,-,-,-,3,5
75,PS Athavale,OMA,2024-2024,3,3,-,59,54,19.66,44,134.09,-,1,1,6,2
76,GD Phillips,NZ,2024-2024,4,2,-,58,40,29.00,51,113.72,-,-,-,5,2
77,JN Frylinck,NAM,2024-2024,4,3,-,58,45,19.33,68,85.29,-,-,-,8,0
78,Rashid Khan,AFG,2024-2024,8,7,2,57,19*,11.40,46,123.91,-,-,-,5,4
79,Mohammad Nabi,AFG,2024-2024,8,8,3,56,16*,11.20,70,80.00,-,-,2,3,1
80,DM de Silva,SL,2024-2024,2,2,-,55,34,27.50,52,105.76,-,-,-,4,1
81,MR Adair,IRE,2024-2024,3,3,-,52,34,17.33,45,115.55,-,-,-,5,1
82,D Wiese,NAM,2024-2024,4,4,1,51,27,17.00,40,127.50,-,-,-,2,4
83,P Nissanka,SL,2024-2024,3,3,-,50,47,16.66,38,131.57,-,-,1,7,1
84,M Levitt,NED,2024-2024,4,4,-,50,31,12.50,45,111.11,-,-,1,4,4
85,Riazat Ali Shah,UGA,2024-2024,4,4,-,49,33,12.25,111,44.14,-,-,-,1,0
86,Khalid Kail,OMA,2024-2024,4,4,-,48,34,12.00,61,78.68,-,-,-,2,1
87,Mehran Khan,OMA,2024-2024,4,4,-,47,27,11.75,36,130.55,-,-,1,4,2
88,GH Dockrell,IRE,2024-2024,3,3,1,44,30*,22.00,38,115.78,-,-,-,4,1
89,Shadab Khan,PAK,2024-2024,4,3,-,44,40,14.66,34,129.41,-,-,1,1,3
90,M van Lingen,NAM,2024-2024,3,3,-,43,33,14.33,41,104.87,-,-,1,3,3
91,Karim Janat,AFG,2024-2024,7,5,2,43,14,14.33,38,113.15,-,-,-,2,2
92,Aqib Ilyas,OMA,2024-2024,4,4,-,42,18,10.50,35,120.00,-,-,1,5,2
93,MA Leask,SCOT,2024-2024,4,2,-,40,35,20.00,25,160.00,-,-,-,0,4
94,Rishad Hossain,BAN,2024-2024,7,6,1,40,24,8.00,26,153.84,-,-,1,2,4
95,AK Sah,NEP,2024-2024,3,3,-,38,27,12.66,38,100.00,-,-,1,5,1
96,Kushal Malla,NEP,2024-2024,3,3,-,37,27,12.33,52,71.15,-,-,-,2,1
97,JB Little,IRE,2024-2024,3,2,1,36,22*,36.00,31,116.12,-,-,-,4,1
98,DJ Mitchell,NZ,2024-2024,4,3,1,36,19*,18.00,30,120.00,-,-,-,5,0
99,MH Cross,SCOT,2024-2024,4,3,1,36,18,18.00,24,150.00,-,-,-,1,3
100,Shaheen Shah Afridi,PAK,2024-2024,4,3,3,36,23*,0.00,22,163.63,-,-,-,1,4
101,RK Paudel,NEP,2024-2024,3,3,-,36,35,12.00,45,80.00,-,-,1,5,0
102,KR Mayers,WI,2024-2024,1,1,-,35,35,35.00,34,102.94,-,-,-,3,2
103,Jaker Ali,BAN,2024-2024,4,4,1,35,14*,11.66,46,76.08,-,-,-,3,0
104,FH Allen,NZ,2024-2024,4,4,-,35,26,8.75,43,81.39,-,-,2,4,1
105,RA Jadeja,IND,2024-2024,8,5,2,35,17*,11.66,22,159.09,-,-,1,3,1
106,CJA Amini,PNG,2024-2024,3,3,-,34,17,11.33,53,64.15,-,-,-,2,0
107,Fakhar Zaman,PAK,2024-2024,4,4,-,33,13,8.25,30,110.00,-,-,-,1,2
108,PHKD Mendis,SL,2024-2024,3,3,-,32,17,10.66,40,80.00,-,-,-,3,1
109,DS Airee,NEP,2024-2024,3,3,-,32,25,10.66,48,66.66,-,-,-,2,1
110,M Jansen,SA,2024-2024,9,6,2,32,21*,8.00,33,96.96,-,-,1,1,1
111,A Vala,PNG,2024-2024,4,4,-,30,21,7.50,42,71.42,-,-,1,3,1
112,SC van Schalkwyk,USA,2024-2024,4,3,2,29,18,29.00,27,107.40,-,-,-,4,0
113,ZE Green,NAM,2024-2024,4,3,-,29,28,9.66,33,87.87,-,-,1,1,1
114,KS Williamson,NZ,2024-2024,4,3,1,28,18*,14.00,32,87.50,-,-,-,3,0
115,Taskin Ahmed,BAN,2024-2024,6,5,3,28,13*,14.00,33,84.84,-,-,1,3,0
116,MS Wade,AUS,2024-2024,7,4,2,27,17*,13.50,24,112.50,-,-,-,3,0
117,Zeeshan Maqsood,OMA,2024-2024,4,4,-,27,22,6.75,36,75.00,-,-,-,4,0
118,J Miyagi,UGA,2024-2024,3,3,1,26,13*,13.00,37,70.27,-,-,1,0,0
119,MJ Santner,NZ,2024-2024,4,2,1,25,21*,25.00,20,125.00,-,-,-,0,3
120,A Dutt,NED,2024-2024,2,2,1,25,15*,25.00,20,125.00,-,-,-,2,1
121,LV van Beek,NED,2024-2024,4,3,-,25,23,8.33,26,96.15,-,-,1,3,0
122,Pargat Singh,CAN,2024-2024,3,3,-,25,18,8.33,27,92.59,-,-,-,2,0
123,Shakeel Ahmed,OMA,2024-2024,3,3,1,25,11,12.50,21,119.04,-,-,-,3,0
124,H Hiri,PNG,2024-2024,4,4,-,25,15,6.25,39,64.10,-,-,-,3,0
125,K Bhurtel,NEP,2024-2024,3,3,-,24,13,8.00,39,61.53,-,-,-,3,1
126,CA Soper,PNG,2024-2024,4,4,-,24,10,6.00,52,46.15,-,-,-,1,0
127,Milind Kumar,USA,2024-2024,2,2,-,23,19,11.50,27,85.18,-,-,-,1,0
128,Iftikhar Ahmed,PAK,2024-2024,2,2,-,23,18,11.50,23,100.00,-,-,-,3,0
129,Saim Ayub,PAK,2024-2024,2,2,-,23,17,11.50,29,79.31,-,-,-,2,1
130,C Campher,IRE,2024-2024,3,3,-,23,12,7.66,29,79.31,-,-,-,2,1
131,R Shepherd,WI,2024-2024,4,3,2,23,13,23.00,25,92.00,-,-,-,1,1
132,JC Archer,ENG,2024-2024,8,2,1,22,21,22.00,17,129.41,-,-,-,1,2
133,A Balbirnie,IRE,2024-2024,3,3,-,22,17,7.33,32,68.75,-,-,1,2,0
134,LJ Tucker,IRE,2024-2024,3,3,-,22,10,7.33,30,73.33,-,-,-,2,0
135,Najibullah Zadran,AFG,2024-2024,5,4,1,22,19,7.33,23,95.65,-,-,1,0,2
136,JJ Smit,NAM,2024-2024,4,4,1,22,11,7.33,30,73.33,-,-,-,1,1
137,AJ Hosein,WI,2024-2024,7,2,-,21,15,10.50,28,75.00,-,-,-,1,1
138,A Nao,PNG,2024-2024,4,4,-,21,13,5.25,32,65.62,-,-,1,2,0
139,R Obuya,UGA,2024-2024,4,4,-,21,14,5.25,36,58.33,-,-,1,1,1
140,PW Hasaranga,SL,2024-2024,3,3,1,20,20*,10.00,9,222.22,-,-,2,1,2
141,Gulsan Jha,NEP,2024-2024,3,3,-,20,14,6.66,25,80.00,-,-,1,1,1
142,BFW de Leede,NED,2024-2024,4,4,1,20,11*,6.66,33,60.60,-,-,1,1,0
143,Usman Khan,PAK,2024-2024,4,4,1,20,13,6.66,22,90.90,-,-,-,1,0
144,Imad Wasim,PAK,2024-2024,3,2,-,19,15,9.50,29,65.51,-,-,-,2,0
145,N Vanua,PNG,2024-2024,3,3,-,19,14,6.33,30,63.33,-,-,1,1,1
146,K Waiswa,UGA,2024-2024,3,3,1,19,11,9.50,44,43.18,-,-,-,2,0
147,DS Bajwa,CAN,2024-2024,2,2,-,18,11,9.00,14,128.57,-,-,-,2,1
148,Karan KC,NEP,2024-2024,2,1,-,17,17,17.00,12,141.66,-,-,-,0,2
149,Abbas Afridi,PAK,2024-2024,1,1,-,17,17,17.00,21,80.95,-,-,-,1,1
